{"intents":[{"name":"payToFounder","samples":["I would like to pay {amount} to founder.","I want to pay to founder.","Pay {amount} to founder"],"slots":[{"name":"amount","type":"AMAZON.NUMBER","samples":[]}]},{"name":"welcomeTocallPay","samples":["Hi","Welcome"],"slots":[]},{"name":"payToPhoneNumber","samples":["I want to pay {amount} to a {phoneNumber}","I want to pay {amount} to {phoneNumber}","pay {amount} to {phoneNumber}","pay {amount}"],"slots":[{"name":"amount","type":"AMAZON.NUMBER","samples":[]},{"name":"phoneNumber","type":"AMAZON.PhoneNumber","samples":[]}]},{"name":"upiRequirements","samples":["Random intent."],"slots":[{"name":"amount","type":"AMAZON.NUMBER","samples":[]},{"name":"phoneNumber","type":"AMAZON.PhoneNumber","samples":[]},{"name":"pinNumber","type":"AMAZON.NUMBER","samples":[]}]}],"types":[],"prompts":[{"id":"Elicit.Intent-payToFounder.IntentSlot-amount","promptVersion":"1.0","definitionVersion":"1.0","variations":[{"type":"PlainText","value":"Please say how much money?"}]},{"id":"Elicit.Intent-payToPhoneNumber.IntentSlot-amount","promptVersion":"1.0","definitionVersion":"1.0","variations":[{"type":"PlainText","value":"Please say amount of money."}]},{"id":"Elicit.Intent-payToPhoneNumber.IntentSlot-phoneNumber","promptVersion":"1.0","definitionVersion":"1.0","variations":[{"type":"PlainText","value":"Please say the phone number."}]},{"id":"Elicit.Intent-upiRequirements.IntentSlot-amount","promptVersion":"1.0","definitionVersion":"1.0","variations":[{"type":"PlainText","value":"Please say the amount?"}]},{"id":"Elicit.Intent-upiRequirements.IntentSlot-phoneNumber","promptVersion":"1.0","definitionVersion":"1.0","variations":[{"type":"PlainText","value":"Say your phone number."}]},{"id":"Elicit.Intent-upiRequirements.IntentSlot-pinNumber","promptVersion":"1.0","definitionVersion":"1.0","variations":[{"type":"PlainText","value":"Please say your pin number."}]}],"dialog":{"version":"1.0","intents":[{"name":"payToFounder","confirmationRequired":false,"prompts":{},"slots":[{"name":"amount","type":"AMAZON.NUMBER","elicitationRequired":true,"confirmationRequired":false,"prompts":{"elicit":"Elicit.Intent-payToFounder.IntentSlot-amount"}}]},{"name":"welcomeTocallPay","confirmationRequired":false,"prompts":{},"slots":[]},{"name":"payToPhoneNumber","confirmationRequired":false,"prompts":{},"slots":[{"name":"amount","type":"AMAZON.NUMBER","elicitationRequired":true,"confirmationRequired":false,"prompts":{"elicit":"Elicit.Intent-payToPhoneNumber.IntentSlot-amount"}},{"name":"phoneNumber","type":"AMAZON.PhoneNumber","elicitationRequired":true,"confirmationRequired":false,"prompts":{"elicit":"Elicit.Intent-payToPhoneNumber.IntentSlot-phoneNumber"}}]},{"name":"upiRequirements","confirmationRequired":false,"prompts":{},"slots":[{"name":"amount","type":"AMAZON.NUMBER","elicitationRequired":true,"confirmationRequired":false,"prompts":{"elicit":"Elicit.Intent-upiRequirements.IntentSlot-amount"}},{"name":"phoneNumber","type":"AMAZON.PhoneNumber","elicitationRequired":true,"confirmationRequired":false,"prompts":{"elicit":"Elicit.Intent-upiRequirements.IntentSlot-phoneNumber"}},{"name":"pinNumber","type":"AMAZON.NUMBER","elicitationRequired":true,"confirmationRequired":false,"prompts":{"elicit":"Elicit.Intent-upiRequirements.IntentSlot-pinNumber"}}]}]}}